"","ID","A1_1","A1_2","B1","C1_1","A2_1","A2_2","B2","C2_1","A3_1","A3_2","B3","C3_1","A4_1","A4_2","B4","C4_1","A5_1","A5_2","B5","C5_1","A6_1","A6_2","B6","C6_1","A7_1","A7_2","B7","C7_1","A8_1","A8_2","B8","C8_1","A9_1","A9_2","B9","C9_1","A10_1","A10_2","B10","C10_1","doubt_other_inst","doubt_same_inst","doubt_students","doubt_yourself","study"
"1","ResponseID","PRASSI: /  In un articolo di ricerca, riportare in maniera selettiva /  solo gli studi che hanno /  “fu...-<span style=""font-size:16px;"">La percentuale di psicologi ricercatori italiani che <strong>hanno adottato</strong> questa prassi:</span>","PRASSI: /  In un articolo di ricerca, riportare in maniera selettiva /  solo gli studi che hanno /  “fu...-<span style=""font-size:16px;""><strong>Tra questi psicologi ricercatori</strong>, la percentuale di coloro che dichiarerebbero di aver adottato questa prassi:</span>","Lei ha mai /  adottato questa prassi? ","Ritiene che /  sia una prassi giustificabile? ","PRASSI: In un /  articolo di ricerca, non riportare tutte le condizioni /  sperimentali di uno studio...-<span style=""font-size:16px;"">La percentuale di psicologi ricercatori italiani che <strong>hanno adottato</strong> questa prassi:</span>","PRASSI: In un /  articolo di ricerca, non riportare tutte le condizioni /  sperimentali di uno studio...-<span style=""font-size:16px;""><strong>Tra questi psicologi ricercatori</strong>, la percentuale di coloro che dichiarerebbero di aver adottato questa prassi:</span>","Lei ha mai /  adottato questa prassi? ","Ritiene che /  sia una prassi giustificabile? ","PRASSI: In un articolo di ricerca, non /  riportare tutte le misure dipendenti di uno /  studio.  /  /   ...-<span style=""font-size:16px;"">La percentuale di psicologi ricercatori italiani che <strong>hanno adottato</strong> questa prassi:</span>","PRASSI: In un articolo di ricerca, non /  riportare tutte le misure dipendenti di uno /  studio.  /  /   ...-<span style=""font-size:16px;""><strong>Tra questi psicologi ricercatori</strong>, la percentuale di coloro che dichiarerebbero di aver adottato questa prassi:</span>","Lei ha mai /  adottato questa prassi? ","Ritiene che /  sia una prassi giustificabile? ","PRASSI: Decidere di raccogliere /  ulteriori dati dopo aver controllato se i risultati sono /  signif...-<span style=""font-size:16px;"">La percentuale di psicologi ricercatori italiani che <strong>hanno adottato</strong> questa prassi:</span>","PRASSI: Decidere di raccogliere /  ulteriori dati dopo aver controllato se i risultati sono /  signif...-<span style=""font-size:16px;""><strong>Tra questi psicologi ricercatori</strong>, la percentuale di coloro che dichiarerebbero di aver adottato questa prassi:</span>","Lei ha mai /  adottato questa prassi? ","Ritiene che /  sia una prassi giustificabile? ","PRASSI: Fermarsi nella raccolta dei /  dati prima del previsto perché si è già trovato il risultato...-<span style=""font-size:16px;"">La percentuale di psicologi ricercatori italiani che <strong>hanno adottato</strong> questa prassi:</span>","PRASSI: Fermarsi nella raccolta dei /  dati prima del previsto perché si è già trovato il risultato...-<span style=""font-size:16px;""><strong>Tra questi psicologi ricercatori</strong>, la percentuale di coloro che dichiarerebbero di aver adottato questa prassi:</span>","Lei ha mai /  adottato questa prassi? ","Ritiene che /  sia una prassi giustificabile? ","PRASSI: In un /  articolo di ricerca, riportare un risultato inatteso come se /  fosse stato previsto...-<span style=""font-size:16px;"">La percentuale di psicologi ricercatori italiani che <strong>hanno adottato</strong> questa prassi:</span>","PRASSI: In un /  articolo di ricerca, riportare un risultato inatteso come se /  fosse stato previsto...-<span style=""font-size:16px;""><strong>Tra questi psicologi ricercatori</strong>, la percentuale di coloro che dichiarerebbero di aver adottato questa prassi:</span>","Lei ha mai /  adottato questa prassi? ","Ritiene che /  sia una prassi giustificabile? ","PRASSI: Falsare i /  dati.  /  /   /  Le chiediamo di /  stimare…-<span style=""font-size:16px;"">La percentuale di psicologi ricercatori italiani che <strong>hanno adottato</strong> questa prassi:</span>","PRASSI: Falsare i /  dati.  /  /   /  Le chiediamo di /  stimare…-<span style=""font-size:16px;""><strong>Tra questi psicologi ricercatori</strong>, la percentuale di coloro che dichiarerebbero di aver adottato questa prassi:</span>","Lei ha mai /  adottato questa prassi? ","Ritiene che /  sia una prassi giustificabile? ","PRASSI: /  Decidere se escludere o meno alcuni dati dopo aver visto /  l’impatto che ciò determina su...-<span style=""font-size:16px;"">La percentuale di psicologi ricercatori italiani che <strong>hanno adottato</strong> questa prassi:</span>","PRASSI: /  Decidere se escludere o meno alcuni dati dopo aver visto /  l’impatto che ciò determina su...-<span style=""font-size:16px;""><strong>Tra questi psicologi ricercatori</strong>, la percentuale di coloro che dichiarerebbero di aver adottato questa prassi:</span>","Lei ha mai /  adottato questa prassi? ","Ritiene che /  sia una prassi giustificabile? ","PRASSI: /  In un articolo di ricerca, “arrotondare” un p-value (ad /  esempio: riportare un p-value o...-<span style=""font-size:16px;"">La percentuale di psicologi ricercatori italiani che <strong>hanno adottato</strong> questa prassi:</span>","PRASSI: /  In un articolo di ricerca, “arrotondare” un p-value (ad /  esempio: riportare un p-value o...-<span style=""font-size:16px;""><strong>Tra questi psicologi ricercatori</strong>, la percentuale di coloro che dichiarerebbero di aver adottato questa prassi:</span>","Lei ha mai /  adottato questa prassi? ","Ritiene che sia una prassi /  giustificabile? ","PRASSI: /  In un articolo di ricerca, affermare che le variabili /  demografiche (ad esempio: il gene...-<span style=""font-size:16px;"">La percentuale di psicologi ricercatori italiani che <strong>hanno adottato</strong> questa prassi:</span>","PRASSI: /  In un articolo di ricerca, affermare che le variabili /  demografiche (ad esempio: il gene...-<span style=""font-size:16px;""><strong>Tra questi psicologi ricercatori</strong>, la percentuale di coloro che dichiarerebbero di aver adottato questa prassi:</span>","Lei ha mai /  adottato questa prassi? ","Ritiene che /  sia una prassi giustificabile? ","Ritiene di avere dei /  dubbi sull’integrità della ricerca svolta /  da…-Ricercatori di altre istituzioni","Ritiene di avere dei /  dubbi sull’integrità della ricerca svolta /  da…-Altri ricercatori della Sua istituzione","Ritiene di avere dei /  dubbi sull’integrità della ricerca svolta /  da…-Dottorandi / Assegnisti","Ritiene di avere dei /  dubbi sull’integrità della ricerca svolta /  da…-Lei stesso/a","2"
"2",NA,"In a research article, report in a selective manner only the studies that “worked” : The percentage of psychological researchers that have adopted this practice","Among these psychological researchers, the percentage that would say they have adopted this practice","Have you ever adopted this practice?","If yes, do you believe that this practice was justifiable?","In a research article, not report all the conditions of a study : The percentage of psychological researchers that have adopted this practice","Among these psychological researchers, the percentage that would say they have adopted this practice","Have you ever adopted this practice?","If yes, do you believe that this practice was justifiable?","In a research article, not report all the dependent measures of a study : The percentage of psychological researchers that have adopted this practice","Among these psychological researchers, the percentage that would say they have adopted this practice","Have you ever adopted this practice?","If yes, do you believe that this practice was justifiable?","Decide to collect more data after checking whether the results are significant : The percentage of psychological researchers that have adopted this practice","Among these psychological researchers, the percentage that would say they have adopted this practice","Have you ever adopted this practice?","If yes, do you believe that this practice was justifiable?","Stop collecting data early than planned because it appears that the expected results were found : The percentage of psychological researchers that have adopted this practice","Among these psychological researchers, the percentage that would say they have adopted this practice","Have you ever adopted this practice?","If yes, do you believe that this practice was justifiable?","In a research article, report an unexpected result as though it had been predicted from the beginning : The percentage of psychological researchers that have adopted this practice","Among these psychological researchers, the percentage that would say they have adopted this practice","Have you ever adopted this practice?","If yes, do you believe that this practice was justifiable?","Falsify the data : The percentage of psychological researchers that have adopted this practice","Among these psychological researchers, the percentage that would say they have adopted this practice","Have you ever adopted this practice?","If yes, do you believe that this practice was justifiable?","Decide whether to exclude some data after seeing its effect on the results : The percentage of psychological researchers that have adopted this practice","Among these psychological researchers, the percentage that would say they have adopted this practice","Have you ever adopted this practice?","If yes, do you believe that this practice was justifiable?","In a research article, “round” a p value (for example, report an observed p value = 0.054 as p < .05) : The percentage of psychological researchers that have adopted this practice","Among these psychological researchers, the percentage that would say they have adopted this practice","Have you ever adopted this practice?","If yes, do you believe that this practice was justifiable?","In a research article, affirm that demographic variables (for example, gender) did not influence the results when in reality their effects were uncertain (or it was known that they had an effect) : The percentage of psychological researchers that have adopted this practice","Among these psychological researchers, the percentage that would say they have adopted this practice","Have you ever adopted this practice?","If yes, do you believe that this practice was justifiable?","Doubts about the integrity of researchers at other institutions","Doubts about the integrity of researchers at your institution","Doubts about the integrity of graduate students and postdocs","Doubts about the integrity of yourself","2"
"3","R_0pvdbMjalxWQVtX","81","16","2","2","58","56","2","2","70","18","1","1",NA,NA,"1","1","60","9","1","2","73","52","1","3","91","1","1","1","95","9","1","1","82","8","1","1","39","28","2","2","4","3","4","2","2"
"4","R_Q62ICmyyzPniLSN","81","39","2","2","50","10","2","2","80","50","2","2","72","30","2","3","30","41","2","1","91","60","1","2","19","0","2","1","70","100","1","2","30","0","2","2","32","20","2","1","2","2","2","2","2"
"5","R_2q9mTpAbMiZhYc8","100","70","1","2","80","20","2","2","100","90","1","3","100","100","1","3","100","90","2","3","80","20","2","2","90",NA,"1","2","100","70","1","3","15","50","2","1","80","15","2","2","3","3","3","3","2"
"6","R_1lglF6RSCWOl3hX","59","19","2","2","29","8","2","1","80","29","2","1","61","20","2","2","49","10","2","1","25","5","2","1","2","1","2","1","30","2","2","1","81","20","2","1","5","1","2","1","3","3","3","3","2"
"7","R_1Hczm6kVOxTMq4h","100","100","2","1","50","30","1","2","80","40","2","1","100","100","1","2","100","100","1","2","50","30","2","1","20","0","2","1","100","90","1","3","0","0","2","1","0","0","2","1","3","3","3","1","2"
"8","R_By9UmkbpAwkyZLX","90","80","1","2","30","10","2","2","30","30","2","2","95","80","1","3","70","40","2","2","50","25","2","2","5","0","2","1","50","40","2","1","20","10","2","1","0","0","2","1","3","2","2","1","2"
"9","R_ZEtU0fD9Fiy89fr","70","50","1","3","39","18","2","2","91","81","1","3","91","80","2","2","71","59","2","2","90","60","1","2","50","0","2","1","70","59","1","2","50","9","2","1","40","6","2","1","3","2","2","1","2"
"10","R_sHg1us766ncXPkl","63","55","2","1","80","31","2","1","56","55","2","1","87","76","1","2","54","55","2","2","85","51","1","1","47","0","2","1","97","28","2","2","92","22","1","2","63","8","2","1","2","3","3","2","2"
"11","R_2sT1oj61tKyxDAS",NA,NA,"1","2",NA,NA,"2","1",NA,NA,"2","1",NA,NA,"2","1",NA,NA,"2","1",NA,NA,"2","1",NA,NA,"2","1",NA,NA,"2","2",NA,NA,"2","1",NA,NA,"2","1","2","2","1","1","2"
"12","R_8iFo5PoxvemVa05","91","10","2","1","81","20","2","1","90","80","1","2","100","50","1","1","51","10","2","1","80","20","2","1","30","0","2","1","70","0","2","1","49","0","2","1","50","50","2","1","3","2","3","1","2"
"13","R_3jHOLiOmsyB1qMN","50","50","2","2","40","80","1","2","90","80","1","3","90","90","1","3","90","91","1","3","70","70","1","2","3","0","2","1","29","9","2","1","9","9","2","1","5","0","2","1","3","3","3","1","2"
"14","R_1jIgvwMRfN8VOsg","80","10","2","2","90","5","2","1","96","4","2","2","90","9","2","2","60","0","2","1","60","13","2","1","66","0","2","1","86","18","2","2","65","0","2","1","65","0","2","1","4","4","4","2","2"
"15","R_1fZTnx8weXx6B6S","80","88","2","2","20","22","2","2","44","52","2","2","44","55","2","1","5","8","2","1","72","78","1","2","8","12","2","1","77","81","1","2","70","79","2","3","48","7","2","1","3","2","3","2","2"
"16","R_2skDzMw584D52F7","40","10","2","2","9","0","2","1","19","9","2","1","50","30","1","2","30","9","2","2","9","0","2","2","5","0","2","1","20","9","2","1","20","0","2","1","0","0","2","1","3","3","3","1","2"
"17","R_a5fXf0kqWGnfHP7","85","45","2","2","86","71","1","3","22","25","2","1","80","100","1","3","54","51","2","2","80","60","2","3","5","0","2","1","40","20","1","2","55","0","2","3","19","58","2","1","2","2","2","2","2"
"18","R_1MRiINDH5yeBFxy","90","10","2","2","90","9","2","1","50","6","2","1","50","50","2","3","50","10","2","3","90","10","2","2","10","1","2","1","90","10","1","2","90","10","2","2","30","2","2","1","4","4","3","2","2"
"19","R_W9k6cmvqrdZ2QLL","70","30","1","1","19","70","2","2","90","9","1","2","60","60","1","2","61","70","1","3","60","10","2","1","1","0","2","1","30","29","2","1","70","10","2","1","40","20","2","1","2","2","1","1","2"
"20","R_2ckmqcYqsfkipjK","60","40","2","1","50","50","2","2","80","80","1","3","80","80","1","3","10","0","2","2","70","50","1","2","10","10","2","1","90","90","1","2","95","91","1","3","40","20","2","1","2","2","2","2","2"
"21","R_9ofdPqF2gnggqy1","91","51","1","2","51","9","1","2","81","70","1","3","92","80","1","3","28","8","2","2","81","50","2","1","29","2","2","1","91","80","1","2","71","0","2","1","5","4","2","1","3","3","2","2","2"
"22","R_2ccrN9DW0XGrZjf","90","20","1","1","71","10","2","1","97","20","1","1","92","49","1","2","20","9","2","1","80","70","1","2","20","0","2","1","50","10","2","1","80","20","2","1","71","40","2","1","2","2","1","1","2"
"23","R_2VKfEItactqieSU","60","40","1","1","29","23","2","1","19","19","2","1","95","95","1","2","19","9","2","1","94","85","1","2","9","2","2","1","90","91","1","2","90","90","1","1","9","4","2","1","3","3","3","1","2"
"24","R_3KxfISbwJdNf8jY","30","15","2","2","16","5","2","1","40","20","1","2","30","20","2","1","29","20","2","1","29","20","2","2","11","0","2","1","30","14","2","2","29","9","2","1","30","9","2","1","3","2","2","1","2"
"25","R_1LAKVbvPMLNoz2t","99","19","2","1","28","27","2","1","79","12","2","1","96","9","1","2","100","9","2","1","91","25","1","2","49","5","2","1","45","19","1","2","97","12","2","2","94","41","1","3","3","3","3","2","2"
"26","R_3HqBKqtyAj6HNOh","71","9","2","1","80","30","2","1","100","37","1","2","59","25","2","2","49","14","2","2","65","9","2","2","29","0","2","1","90","50","1","2","50","19","2","1","50","10","2","1","3","3","3","1","2"
"27","R_2WHhuqHvhzavZAn","100","20","1","2","91","80","1","3","80","2","2","1","80","9","1","2","50","1","2","2","80","2","1","2","20","0","2","1","80","20","2","1","51","0","2","1","20","0","2","1","3","3",NA,"1","2"
"28","R_2V7mIixPpfx9Rwb","61","0","2","2","0","0","2","1","9","90","1","2","9","60","2","2","0","0","2","1","60","50","1","1","0","0","2","1","80","40","1","2",NA,NA,"2","1","0","0","2","1","3","2","1","1","2"
"29","R_bgupKBasgne2HzL","100","100","1","3","51","30","2","1","100","100","1","3","61","59","2","3","73","60","2","3","100","92","1","3","19","0","2","1","71","29","2","2","70","62","2","2","81","61","2","2","1","1","1","1","2"
"30","R_10CUhe3emZd085w","40","30","2","1","30","20","2","2","50","15","2","2","70","30","1","2","20","10","2","1","50","30","2","1","25","5","2","1","90","50","1","2","80","70","1","3","20","5","2","1","2","2","2","2","2"
"31","R_24BL8P4YVbEyazH","90","100","1","2","19","9","1","2","50","50","1","2","91","100","1","3","9","90","2","3","29","100","2","2","1","0","2","1","9","0","2","1","9","5","2","1","3","0","2","1","1","2","1","2","2"
"32","R_2ydX9qIcAMh94Ay","49","9","1","1","4","0","2","1","65","65","1","3","76","100","1","3",NA,NA,"2","2","50","49","1","1","3","0","2","1","66","51","1","2","34","76","1","3","9","0","2","1","3","2","2","2","2"
"33","R_2Eu7PFoIaZfbNRs","45","41","2","1","24","20","2","1","89","78","2","1","81","51","2","1","37","30","2","1","90","78","1","2","3","0","2","1","42","20","2","1","34","16","2","1","9","9","2","1","2","2","2","1","2"
"34","R_W6vQA1cOJcjLlXH",NA,NA,"2","1",NA,NA,"2","1","19","19","2","1",NA,NA,"2","1",NA,NA,"2","1",NA,NA,"2","1",NA,NA,"2","1",NA,NA,"2","1",NA,NA,"2","1",NA,NA,"2","1","3","1","1","1","2"
"35","R_3nxy12f1gvPFL2Q","40","30","1","2","30","20","2","1","40","30","1","2","60","60","1","2","10","10","2","1","10","10","2","1","3","0","2","1","40","30","2","2","40","29","1","2","5","5","2","1","2","2","2","2","2"
"36","R_2wvopesT9zc3FFV","40","30","2","1","30","19","2","1","29","19","2","2","1","4","1","2",NA,NA,"2","1","31","20","2","1","20","1","2","1","31","20","2","1","36","28","2","1","20","3","2","1","3","3","4","3","2"
"37","R_2dGShy4LM4y0GlT","49","40","2","2","90","80","1","2","80","69","1","2","91","81","1","3","29","60","2","2","40","10","2","1","5","0","2","1","40","19","1","2","50","29","2","1","10","0","2","1","2","1","2","1","2"
"38","R_3sykGLbqGtfV5JY","100","100","1","3","60","62","1","2","52","55","1","2","100","100","1","3","21","20","2","2","92","81","1","3","6","0","2","1","52","51","1","2","7","6","2","1","22","21","2","1","3","1","1","1","2"
"39","R_3D1GTtd5CmtVWDV","98","75","1","3","47","13","2","1","100","86","1","3","98","86","1","3","15","7","2","2","96","77","1","3","6","0","2","1","54","25","2","1","71","69","2","1","15","4","2","1","3","3","2","1","2"
"40","R_12ome1Akrsw39FC","91","49","1","2","81","40","2","1","20","10","2","1","49","32","1","3","19","11","2","1","81","59","2","1","9","1","2","1","9","1","2","1","91","90","1","3","9","2","2","1","3","2","2","1","2"
"41","R_d1oBt15cvZ7AEKh","91","9","2","1","87","20","1","2","91","9","1","3","70","70","1","3","19","5","2","1","50","60","1","2","5","0","2","1","100","50","1","2","91","9","2","1","81","51","2","1","3","3","3","1","2"
"42","R_3elBlmr2TukOhCe","80","60","2","2","30","10","2","1","70","80","2","3","80","50","2","2","60","90","2","2","60","40","1","2","10","0","2","1","80","20","2","1","50","20","2","1","20","20","2","1","2","2","3","1","2"
"43","R_114t7PIXwOer4NG","91","9","1","2","49","0","1","1","80","39","2","3","91","20","2","3","29","0","2","2","100","0","1","3","10","0","2","1","50","30","2","1","49","0","2","1","2","100","2","1","3","3","2","2","2"
"44","R_p0qvEOjx10Wgz7z","81","11","2","2","82","70","2","2","11","3","2","1","100","100","1","3","71","71","2","1","51","31","2","1","0","0","2","1","89","22","1","2","28","22","2","2","9","5","2","1","1","1","1","1","2"
"45","R_3im6e3X0t9RIIR3","89","64","1","2","34","6","2","1","61","33","2","1","91","89","1","3","86","80","2","1","70","20","1","2","2","0","2","1","50","31","2","1","95","89","2","2","8","3","2","1","2","2","2","1","2"
"46","R_2E7736SpkA28Qrl","29","10","2","1","0","0","2","1","19","21","2","2","52","48","1","3","0","0","2","1","18","0","2","1","0","0","2","1","49","51","1","2","10","10","1","2","0","0","2","1","1","1","1","1","2"
"47","R_3NVCbbRiQ4hc3MF","15","2","2","1","8","2","2","1","8","2","2","1","15","8","2","2","15","4","2","1","19","3","2","1","1","0","2","1","15","2","2","1","5","1","2","1","20","8","2","1","2","1","2","1","2"
"48","R_x64EuzdFAjQsytP","40","9","1","2","30","9","2","2","61","19","1","2","50","39","1","3","51","19","1","2","70","10","1","2","40","10","2","1","80","29","1","2","50","10","2","2","39","9","2","1","3","3","3","2","2"
"49","R_0Tb0mgUra1h9PEx","71","9","2","1","9","0","2","2","59","19","1","2","60","60","1","3","51","0","2","1","50","61","2","1","19","0","2","1","80","20","2","2","91","9","1","3","18","0","2","2","3","2","2","2","2"
"50","R_2ya77bb3Jg9UuEb","80","41","1","3","30","0","2","1","20","9","2","1","19","19","2","3","20","19","2","3","61","18","2","3","70","0","2","1","80","20","1","2","80","29","1","2","80","20","2","2","1","1","1","2","2"
"51","R_1NqqWYeHPRMp3vz","91","9","2","1","91","9","1","2","100","9","2","1","100","81","1","3","40","9","2","1","91","9","2","1","20","0","2","1","91","60","1","2","100","0","1","1","40","30","2","1","3","3","3","2","2"
"52","R_29c8mu22381duKG","100","80","1","2","70","50","1","2","100","81","1","2","100","80","1","3","50","29","2","1","100","72","2","2","20","4","2","1","100","61","2","1","91","60","2","1","81","61","2","1","2","2","3","1","2"
"53","R_1GHdSnhj02edVgd","40","20","2","2","5","2","2","1","5","5","2","1","70","70","1","2","10","5","2","1","10","5","2","1","1","0","2","1","2",NA,"2","1","30","10","2","1","5","0","2","1","2","2","2","1","2"
"54","R_bKG4aIQN3tnYFil","90","70","2","2","70","70","1","3","99","99","1","3","99","99","1","3","91","91","2","3","91","91","2","3","9","3","2","2","80","3","2","2","20","3","2","1","91","81","2","2","2","2","2","1","2"
"55","R_1runwb4Hx9T5BTd","60","96","2","2","55","40","2","1","61","54","1","2","82","100","2","3","30","100","2","1","80","70","1","2","5","0","2","1","90","81","1","1","25","49","2","1","5","0","2","1","3","3","3","2","2"
"56","R_8GHSdB7DDj98XSl","89","89","2","1","30","1","2","2","99","28","1","2","45","38","1","2","70","1","2","1","90","90","1","2","5","1","2","1","38","2","2","1","81","69","2","1","8","2","2","1","4","4","2","1","2"
"57","R_7UMBrwjPPsMlnbD","60","8","2","2","50","50","2","2","100","91","1","3","29","50","2","1","40","30","2","2","90","70","1","2","19","0","2","1","100","70","1","2","91","60","2","2","30","0","2","1","3","3","2","1","2"
"58","R_2AXYWPkyjvH36gh","20","0","2","1","0","0","2","1","10","0","2","1","50","0","2","2","10","0","2","1","30","20","1","2","5",NA,"2","1","80","80","1","2","20","5","2","1","10","0","2","1","2","3","3","2","2"
"59","R_bsgodjPqjwVVRZz","92","30","1","2","30","19","2","1","71","51","1","2","60","60","1","2","30","30","2","1","70","30","1","2","20","1","2","1","81","40","2","1","91","81","1","2","9","9","2","1","2","4","2","1","2"
"60","R_2aRcpqwxNa0PNIR","80","82","2","1","98","99","2","1","32","30","1","2","97","98","2","1","100","100","2","1","91","92","2","1","80","81","2","1","90","90","2","1","100","100","1","2","93","95","2","1","3","4","4","2","2"
"61","R_9LlMlkCxAJfF9rb","15","5","2","2","8","4","2","2","4",NA,"2","1","40","40","1","3","0","0","2","1","5","4","2","2","0","0","2","1","29","7","2","2","41","10","1","2","9","8","2","1","3","3","3","2","2"
"62","R_25YD7Hn8vGgrIH1","30","19","2","2","28","29","2","1","30","19","2","1","20","19","2","2","40","39","1","2","9","9","2","1","9","0","2","1","30","15","2","1","9","9","2","2","0","0","2","1","1","1","1","1","2"
"63","R_338fO7YzvPeu1RW","57","49","1","2","52","41","2","2","5","2","2","1","47","31","2","1","20","12","2","1","27","13","2","1","6","2","2","1","41","29","2","2","38","27","2","1","24","14","2","2","2","1","2","1","2"
"64","R_ePOvoletpTKpFrv","50","9","2","1","19","9","2","2","29","9","2","2","34","9","2","2","30","4","2","2","60","4","2","1","19","0","2","1","34","5","2","1","4","0","2","1","50","14","2","1","3","3","2","2","2"
"65","R_2bN3PzxYsxB0OIz","89","71","1","3","84","64","1","2","91","71","1","3","83","43","1","2","92","71","1","2","85","74","1","2","43","4","2","1","84","42","1","2","52","11","1","1","72","24","2","1","3","3","3","1","2"
"66","R_b1kk3Nks1bUtAdn","25","2","2","1","74","23","1","2","75","14","1","2","30","12","2","2","2","1","2","1","13","6","2","2","3","1","2","1","14","5","2","1","26","22","1","2","3","1","2","1","3","2","2","1","2"
"67","R_1OCrH41a8DmZUT9","70","32","2","2","60","21","1","2","53","7","1","2","72","26","2","2","42","23","2","2","82","39","1","2","41",NA,"2","1","71","7","2","2","60","20","2","2","39","3","1","2","3","3","1","1","2"
"68","R_3rR6vGiVgr7LxM5","85","84","2","3","18","7","2","2","29","9","2","1","51","42","2","2","9","8","2","1","88","84","1","3","10","0","2","1","59","27","1","2","90","82","2","3","80","74","2","3","3","3","3","1","2"
"69","R_2dBe0KXpTQoHm7H","70","10","2","1","61","40","2","2","71","40","2","1","71","50","1","2","20","0","2","1","91","0","1","2","10","0","2","1","10","0","2","1","30","0","2","1","19","0","2","1","1","3","3","1","2"
"70","R_3ipQMafe6A9PAoF","87","49","1","2","30","21","2","1","41","25","2","2","92","81","1","3","71","59","1","1","80","61","1","3","15","0","2","1","46","20","1","2","34","11","2","2","15","10","2","1","1","2","1","2","2"
"71","R_XLkbaUaAfcyTyJH",NA,NA,NA,NA,NA,NA,NA,NA,NA,NA,NA,NA,NA,NA,NA,NA,NA,NA,NA,NA,NA,NA,NA,NA,NA,NA,NA,NA,NA,NA,NA,NA,NA,NA,NA,NA,NA,NA,NA,NA,NA,NA,NA,NA,"2"
"72","R_2gZosM3jw74ngbP","70","70","1","2","10","5","2","1","70","70","1","2","20","50","2","2","20","50","2","2","70","70","1","2","5","3","2","1","40","25","2","1","20","10","2","1","20","50","2","1","2","2","2","1","2"
"73","R_3Rw6K0rXKT3Kk9P",NA,NA,NA,NA,NA,NA,NA,NA,NA,NA,NA,NA,NA,NA,NA,NA,NA,NA,NA,NA,NA,NA,NA,NA,NA,NA,NA,NA,NA,NA,NA,NA,NA,NA,NA,NA,NA,NA,NA,NA,NA,NA,NA,NA,"2"
"74","R_2zBn8THKb1iLtQs","50","4","2","1","60","19","1","2","50","29","2","2","100","100","1","3","70","50","1","2","80","50","1","2","40","0","2","1","50","19","2","2","40","8","2","1","39","4","2","1","3","2","1","1","2"
"75","R_3m9uSFsKM638cTO",NA,NA,"1","2",NA,NA,"2","1",NA,NA,"2","1",NA,NA,"1","3",NA,NA,"2","2",NA,NA,"2","2",NA,NA,"2","1",NA,NA,"1","2",NA,NA,"2","1",NA,NA,"2","1","2","2","2","2","2"
"76","R_3iDLiuMpdATqcZu","80","5","2","1","39","0","2","1","70","19","2","1","80","80","1","3","29","0","2","1","81","20","2","1","29","0","2","1","80","5","2","1","70","1","2","1","40","0","2","1","3","3","3","1","2"
"77","R_3NVzwtTeuRZCkTc","40","20","1","2","9","4","2","2","9","9","1","2","49","25","1","3","14","7","2","2","40","37","1","3","4","3","2","1","15","1","1","2","10","4","1","1","9","4","2","1","2","1","1","1","2"
"78","R_1lxvNc5eMW9mxtS","0",NA,NA,NA,"25","0","2","1","80","50","1","2","0",NA,NA,NA,"9","10","2","2","50","25","2","2","39","0","2","1","91","0","2","1","70","0","1","2","9","0","2","1","2","3","3","2","2"
"79","R_XLnzxSiWaqi0rqF","70","51","2","1","29","20","2","2","11","11","2","1","20","21","2","3","40","28","1","2","51","28","2","1","19","0","2","1","71","50","2","1","10","9","2","2","40","31","2","1","2","2","3","2","2"
"80","R_Rn8EN3ImkCZuqrL","39","17","2","2","4","7","2","1","0","0","2","1","94","56","1","3","4","1","2","1","8","3","2","1","4","6","2","1","6","2","2","1","24","8","2","2","15","1","2","1","3","2","3","2","2"
"81","R_1Dqaww3dZUOta85","81","71","1","1","81","70","1","2","81","81","1","2","71","70","2","2","29","61","2","1","60","50","2","1","70","40","2","1","71","50","1","2","70","60","1","1","59","30","2","1","3","3","3","3","2"
"82","R_22snoJn2IKAqlWC","9","1","2","2","5","2","1","2","3","1","2","1","5","1","2","1","1",NA,"2","1","3","3","2","2","20","0","2","2","5","1","2","2","6","2","2","2","6","2","2","1","4","2","2","2","2"
"83","R_9X3WM3mtDj8ZA9b","10","10","2","1","30","9","2","1","19","19","1","2","9","9","2","2","0","0","2","2","8","10","2","1","9","9","2","1","9","8","1","2","9","9","1","2","0","5","2","1","3","3","3","1","2"
"84","R_3dCg0r5VEoq4okd","75","15","2","3","50","5","2","2","50","5","2","2","90","90","1","2","5","100","2","2","81","1","2","1","0","0","2","1","50","5","1","2","9","0","2","1","0","0","2","1","1","1","1","1","2"
"85","R_2b28cjF1jh6ce6w","49","0","1","2","69","0","1","2","53","81","1","3","75","30","1","3","55","0","1","2","16","0","2","2","0","0","2","1","30","5","2","1","0","0","2","1","0","0","2","1","1","1","1","1","2"
"86","R_3EcmeCMy99BnpTj","72","45","2","2","22","35","2","1","74","52","1","2","73","47","1","3","0","0","2","1","72","43","2","2","22","19","2","1","70","51","2","1","33","18","2","1","4","0","2","1","1","1","1","1","2"
"87","R_SCwzBGfXQoT5PUt","69","80","1","2","50","31","2","1","70","79","1","2","69","39","2","2","9","70","2","2","80","91","1","3","3","4","2","1","39","70","2","2","38","60","2","1","3","3","2","1","2","2","2","2","2"
"88","R_9BOpUWA3DId4vdP","96","81","1","3","71","51","1","2","91","61","1","3","80","50","1","2","10","0","2","2","60","0","1","2","0","0","2","1","0","0","2","1","0","0","2","1","5","0","2","1","1","1","1","1","2"
"89","R_2tg1aKlM3DUH0LU","60","31","2","1","44","45","2","2","38","21","2","2","82","72","1","2","78","74","2","2","41","14","2","1","33","0","2","1","71","41","2","1","51","16","2","2","61","32","2","1","3","3","3","2","2"
"90","R_1jlKm2MpUzGDxVi","81","19","1","2","50","20","2","1","38","29","2","1","100","9","1","3","61",NA,"2","2","90","71","1","2","20","20","2","1","81","50","1","2","20","18","2","2","20","11","2","1","2","2","2","1","2"
"91","R_2VqgdNyfGhY4vUm","30","20","2","1","5","0","2","1","30","10","2","1","80","80","1","2","19","19","2","2","30","0","2","1","2","0","2","1","40","9","1","2","5","0","2","1","0","0","2","1","2","3","3","2","2"
"92","R_cPc2lm7RB2Bb4vX","50","10","2","2","29","10","2","1","70","30","2","2","90","10","2","2","70","30","2","2","40","20","2","1","40","0","2","1","95","5","1","2","90","70","1","3","80","20","2","1","3","4","2","1","2"
"93","R_vw9zIxIJ6by9CG5","0","0","2","1","0","0","2","1","0","0","2","2","0","0","2","2","0","0","2","1","50","50","1","2","0","0","2","1","0","0","2","2","0","0","2","1","0","0","2","1","3","3","1","1","2"
"94","R_eRrGkZuqX3VkpiR","40","0","2","1","39","6","2","1","60","21","1","2","30","15","2","2","9","0","2","1","39","20","2","1","4","1","2","1","70","10","2","2","9","1","2","1","9",NA,"2","1","3","3","3","1","2"
"95","R_1hGttXGj4O8NNYK","70","19","2","1","40","30","2","1","69","29","2","1","49","20","2","1","40","19","2","1","70","29","2","1","39","5","2","1","70","9","2","1","80","39","2","1","29","9","2","1","3","3","3","1","2"
"96","R_1M4yBvF0nClvnSZ","25","14","2","1","10","10","2","2","5","40","2","1","0","0","2","2","7","5","2","2","20","22","2","2","30","5","2","1","70","10","2","1","81","50","2","2","40","91","2","1","3","2","3","1","2"
"97","R_ANUpZaakGjwzbW1","19","5","2","1","15","6","2","1","29","9","2","1","29","10","2","2","5","2","2","2","30","10","2","1","3","0","2","1","39","9","1","1","20","9","1","1","25","1","2","1","2","2","2","1","2"
"98","R_9t9i9WupVKtP3kF","91","20","2","1","0","0","2","1","90","0","2","1","41","0","2","1","0","0","2","1","61","0","2","1","70","0","2","1","60","29","2","1","25","0","2","1","75","60","2","1","3","1","3","1","2"
"99","R_2TRvNv9ykEaflIa","19","1","2","1","100","9","1","3","80","80","1","3","30","1","2","2","5","1","2","2","91","1","2","1","5","1","2","1","30","1","2","1","10","1","2","1","20","1","2","1",NA,NA,NA,NA,"2"
"100","R_bEIc7qDRhhb1Dmd","40","11","2","1","61","9","2","1","60","9","2","1","30","70","1","3","60","20","2","1","30","9","2","1","30","0","2","1","61","19","1","2","40","0","2","1","70","20","2","1","3","3","4","1","2"
"101","R_dgpkGz4E2sIj10l","90","30","2","1","80","20","2","1","70","10","2","1","100","30","1","2","100","80","1","2","91","40","2","1","50","0","2","1","90","1","2","1","20","1","2","1","90","90","2","2","3","3","2","1","2"
"102","R_2QMpezA9pu4srP8","91","20","1","1","5","1","2","1","29","2","2","1","30","59","1","3","50","20","2","2","40","2","2","1","5","0","2","1","20","5","2","2","9","1","2","1","30","3","2","1","2","1","1","1","2"
"103","R_9XJbAxLXr4bURQF","80","51","2","1","61","9","2","1","61","10","2","1","39","29","1","2","91","50","2","2","91","39","2","1","40","0","2","1","90","19","2","1","90","20","2","2","40","10","2","1",NA,"3","3","1","2"
"104","R_1n2ZWGm7bXZp9Vi","50","81","2","2","41","61","2","2","100","100","1","3","100","100","1","3","10","100","2","3","100","100","1","3","0","0","2","1","20","50","1","2","0","0","2","1","5","0","2","1","1","1","1","1","2"
"105","R_1PSNVWQ6viz6SgU",NA,NA,NA,NA,NA,NA,NA,NA,NA,NA,NA,NA,NA,NA,NA,NA,NA,NA,NA,NA,NA,NA,NA,NA,NA,NA,NA,NA,NA,NA,NA,NA,NA,NA,NA,NA,NA,NA,NA,NA,NA,NA,NA,NA,"2"
"106","R_2aVmzgI4RM78SOB","70","5","2","1","35","5","2","1","35","4","2","2","50","50","2","2","80","5","2","1","60","5","2","2","10","0","2","1","75","5","2","2","85","40","2","2","50","10","2","1","3","2","3","1","2"
"107","R_Q0tRLkabKBkUX1T","80","60","1","2","80","70","1","2","91","80","1","2","91","80","1","2","70","70","2","2","91","80","1","2","0","0","2","1","60","50","1","2","29","9","2","1","29","9","2","1","1","1","1","1","2"
"108","R_1jADsukAOcLIyA3","90","100","2","1","12","3","2","1","26","6","2","1","93","5","2","1","15","7","2","1","11","7","2","1","14","2","2","1","95","2","2","1","24","5","2","1","21","5","2","1","2","1","1","1","2"
"109","R_1HoOnkXM1KYwgAd","40","18","1","3","44","18","2","1","37","9","2","1","38","26","1","3","41","16","2","1","31","6","2","1","62","10","2","1","37","6","2","1","50","20","2","1","39","8","2","1","3","3","2","1","2"
"110","R_bkLy1S0qlmAZDbz","30","5","2","1","9","9","2","2","40","10","2","1","70","40","1","3","40","10","2","2","34","19","2","2","9","0","2","1","50","10","2","2","70","19","2","1","20","0","2","1","2","2","2","2","2"
"111","R_RIjaFO1AnYvBe8h","100","100","1","3","20","100","2","2","100","70","1","2","100","100","1","3","9","100","2","2","100","19","1","2","10","0","2","1","100","20","1","2","80","100","1","2","20","20","2","2","2","2","2","2","2"
"112","R_3I9tPGfwaa08Scj","61","30","1","2","40","20","2","2","50","40","1","2","30",NA,"1","2","39",NA,"2","1","60","19","1","2",NA,NA,"2","1","60","41","1","2","30","20","2","1",NA,NA,"2","1","2","2","2","2","2"
"113","R_272Q5dAZpogdykr","70","60","1","1","69","59","2","2","71","60","2","2","79","80","1","2","60","50","1","2","50","40","1","2","9","0","2","1","60","40","2","2","39","30","2","1","19","0","2","1","3","3","1","2","2"
"114","R_2Qh4R57SSXIC9o6","19","4","2","1","49","30","2","1","29","19","2","1","40","31","1","3","29","4","2","2","30","10","2","1","29","3","2","1","59","30","1","2","59","9","2","1","29","16","2","1","2","2","3","2","2"
"115","R_1LO7ABgmIw2cOJQ","100","100","1","3","60","40","1","1","91","90","1","3","50","50","2","2","60","71","2","1","80","50","1","2","50","20","2","1","70","95","1","2","60","20","2","1","50","29","1","1","3","3","3","2","2"
"116","R_bfNCWPjFnjPPpL7","64","37","1","2","13","4","2","1","35","12","1","2","72","60","2","1","16","15","2","1","67","66","1","2","4","2","2","1","17","1","2","1","31","11","2","1","18","15","2","1","3","1","1","1","2"
"117","R_8d1WaIXraZg4Jyl","70","61","1","2","35","31","2","2","81","80","1","3","70","71","2","2","51","43","2","2","40","28","2","1","12","2","2","1","63","53","2","2","31","24","2","1","14","3","2","1","2","2","2","2","2"
"118","R_eWM5X90bxRQP3Lf","60","50","1","2","80","80","1","2","80","80","1","2","60","60","2","2","10","10","2","2","70","60","2","2","10","0","2","1","30","0","2","1","50","10","2","2","10","10","2","1","3","3","3","3","2"
"119","R_27jmHM2aXs09NLo","90","80","1","2","70","80","1","2","70","60","1","2","85","45","1","2","80","50","1","2","90","20","1","2","51","0","2","2","90","15","1","2","50","90","2","2","71","51","2","2","4","4","4","4","2"
"120","R_28M2JX5arMSZiEM","50","24","2","2","6","1","2","1","4","2","2","1","87","84","1","3","20","3","2","1","84","24","1","2","8","1","2","1","70","34","1","2","82","65","1","3","81","66","1","2","1","1","1","1","2"
"121","R_25trKTF7ByYvY8m","91","30","2","1","70","39","2","3","80","100","1","3","50","30","2","2","1","1","2","1","100","40","1","2","50","0","1","1","95","60","1","3","40","50","2","1","1","1","2","1","1","1","1","1","2"
"122","R_ThpCNHAKCo8kcvL","29","20","2","1","30","4","2","2","91","9","1","2","80","9","1","3","30","70","2","1","80","9","2","1","9","2","2","1","60","3","2","1","9","2","2","1","40","9","2","1","1","2","2","1","2"
"123","R_2aQs1ICaj8rHkfI","90","30","2","1","50","10","2","2","90","15","1","3","95","50","1","2","60","40","2","2","60","10","2","1","10","0","2","1","80","10","2","1","40","15","1","2","29","9","2","1","3","3","4","1","2"
"124","R_2w4trgqo83c94au","8","3","2","1","4","2","2","1","20","9","1","2","40","10","2","2","40","20","1","2","9","2","2","1","20","0","2","1","50","30","1","2","24","13","2","1","20","4","2","1","3",NA,"2","1","2"
"125","R_3OogoVfDtdtrsXi","81","50","2","1","21","71","2","1","79","82","1","3","72","100","1","3","9","94","2","2","95","77","1","2","0","0","2","1","67","93","2","2","91","92","1","3","0","1","2","1","1","1","1","1","2"
"126","R_cIsCjU1HXDMBZtf","100","80","1","2","61","40","1","3","95","70","1","2","60","50","2","2","20","4","2","1","90","40","1","2","5","0","2","1","34","10","2","1","60","20","2","2","32","9","2","2","3","3","3","2","2"
"127","R_1CdTwkOEcboIJ7v","41","30","1","2","9","3","2","1","40","19","2","1","40","39","2","2","9","10","2","1","30","28","1","2","4","2","2","1","50","40","1","2","39","29","2","2","1","1","2","1","2","2","2","1","2"
"128","R_3EG54p4DloyNQQj","91","23","2","2","10","3","2","2","90","70","1","3","96","29","2","3","73","18","2","2","95","30","2","3","3","0","2","1","98","23","2","2","9","2","2","1","30","4","2","1","1","1","1","1","2"
"129","R_2vkKeTr124zb2PW","100","50","1","3","96","50","2","2","100","50","1","3","95","50","2","2","80","50","2","1","70","50","2","2","29","19","2","1","95","50","2","1","60","50","2","1","91","49","2","2","3","3","1","2","2"
"130","R_5sSTWjg3MzuhSF7","96","49","1","2","70","12","2","1","82","20","2","2","93","48","2","2","14","0","2","1","90","12","1","2","30","0","2","1","71","9","1","2","91","9","2","1","61","11","2","1","1","2","1","1","2"
"131","R_1mXCSJYmqVjf25a","81","20","2","2","50","10","2","1","49","9","2","1","91","10","2","1","50","9","2","1","80","9","2","1","9","9","2","1","70","10","2","1","60","9","2","1","31","10","2","1",NA,NA,NA,NA,"2"
"132","R_aaVpxWw6adOY0pn",NA,NA,"2","2",NA,NA,"2","1",NA,NA,"1","2",NA,NA,"2","1",NA,NA,"2","2",NA,NA,"2","2",NA,"9","2","1",NA,NA,"2","2",NA,NA,"2","1",NA,NA,"2","2","2","2","1","2","2"
"133","R_3ptcDsI6dr3F3J0","81","51","2","1","49","30","2","1","71","70","2","2","29","19","2","2","80","81","2","2","30","19","2","1","29","0","2","1","49","10","2","1","70","50","1","3","49","0","2","1","2","2","2","1","2"
"134","R_1N8pURrWXiZw5gQ","91","91","1","2","81","50","2","2","81","100","1","2","90","90","1","3","60","9","2","2","20","5","2","1","5","0","2","1","50","9","2","1","80","5","2","1","20","10","2","1","3","3","2","1","2"
"135","R_2xxFIaopQMFu2LV","95","5","1","2","60","20","1","2","70","20","2","2","90","20","1","2","91","10","2","1","70","20","2","1","30","0","2","1","50","5","1","1","70","5","2","1","5","0","2","1","3","3","3","2","2"
"136","R_11iRkmPaBDtbYPR","20","20","2","2","0","0","2","1","100","100","1","3","100","100","1","2","20","20","2","2","50","50","1","2","0","0","2","1","0","0","2","1","0","0","2","1","0","0","2","1","1","1","1","1","2"
"137","R_3iyCbkP4C6JfAih","9","4","2","1","9","4","2","2","9","8","2","1","70","50","1","1","29","20","2","2","80","80","1","2","3","4","2","1","30","19","1","1","9","9","2","1","3","1","2","1","2","2","2","1","2"
"138","R_2eb8Bbf5U4QzSs3","100","91","1","3","20","7","2","1","80","80","1","2","100","100","1","3","100","100","1","3","100","9","1","2","91","2","2","1","91","45","1","2","90","2","1","3","50","9","2","1","3","3","3","1","2"
"139","R_wM26H9Mmu6Fv0kh","20","20","2","2","21","10","2","1","4","4","2","2","50","50","1","2","1","1","2","1","30","30","2","1","0",NA,"2","1","4","1","2","1","28","19","2","1","0","0","2","1","2","2","1","1","2"
"140","R_2sY1y7ctyhLbwOy","60","50","1","2","19","9","2","2","70","30","1","2","50","50","1","2","9","9","2","1","60","9","1","2","5","0","2","1","30","20","2","2","20","10","2","1","20","9","2","1","2","1","2","1","2"
"141","R_06qXPSGWovYSZFP","38","9","2","1","50","31","2","1","61","49","1","2","82","59","1","3","8","8","2","2","50","50","1","2","9","1","2","1","9","1","1","2","10","20","2","1","19","1","2","1","3","3","2","1","2"
"142","R_9nphyIVwFPN3oxf","30","15","2","1","16","7","2","1","20","9","2","2","15","10","1","3","10","3","2","2","25","10","2","1","5","2","2","1","10","2","2","1","21","15","1","2","25","16","2","1","1","1","1","1","2"
"143","R_1QlvpSPsmjiieV4","39",NA,"1","2","28","18","2","2","39","19","2","1","38","19","2","2","19","19","2","2","39","10","2","1",NA,NA,"2","1","19",NA,"2","1","18",NA,"2","2","20","9","2","1",NA,NA,NA,NA,"2"
"144","R_1qVgUoVHLkjhCaB","50","10","2","1","49","50","2","1","49","50","2","1","50","5","2","1","50","9","2","1","91","9","2","1","50","5","2","1","81","3","2","1","91","50","1","3","50","5","2","1","3","3","2","1","2"
"145","R_er1Rn6elFutRdkd",NA,NA,NA,NA,"85","70","1","2",NA,NA,NA,NA,NA,NA,NA,NA,NA,NA,NA,NA,NA,NA,NA,NA,NA,NA,NA,NA,NA,NA,NA,NA,NA,NA,NA,NA,NA,NA,NA,NA,NA,NA,NA,NA,"2"
"146","R_3JyGLna5u7nxbMR",NA,NA,NA,NA,NA,NA,NA,NA,NA,NA,NA,NA,NA,NA,NA,NA,NA,NA,NA,NA,NA,NA,NA,NA,"3","0","2","1",NA,NA,NA,NA,"4","1","2","1","97","100","1","3",NA,NA,NA,NA,"2"
"147","R_2Wvi1LCJXKcmkFd","100","79","1","2","40","20","2","1","50","50","2","2","100","100","1","3","30","10","2","2","80","40","2","1","20","0","2","1","50","50","1","2","100","81","1","3","0","0","2","1",NA,NA,NA,NA,"2"
"148","R_1rjDfnUJafzsgLZ","100","90","1","2","82","28","2","1","90","39","1","1","100","40","1","2","18","30","2","2","90","29","2","1","4","0","2","1","50","19","2","2","50","20","2","1","9","29","2","1",NA,NA,NA,NA,"2"
"149","R_b2dY7DUpJcXZEzz","49","9","2","1","88","33","2","2","91","100","1","3","5","1","2","1","48","100","2","2","71","7","2","1","8","2","2","1","55","3","2","1","3","3","2","1","11","62","2","2","3","3","4","2","2"
"150","R_1jZ05lAaO7HeOa1",NA,NA,NA,NA,NA,NA,NA,NA,NA,NA,NA,NA,NA,NA,NA,NA,NA,NA,NA,NA,NA,NA,NA,NA,NA,NA,NA,NA,NA,NA,NA,NA,NA,NA,NA,NA,NA,NA,NA,NA,NA,NA,NA,NA,"2"
"151","R_2YRlkPGL2WYWUYT",NA,NA,NA,NA,NA,NA,NA,NA,NA,NA,NA,NA,NA,NA,NA,NA,NA,NA,NA,NA,NA,NA,NA,NA,NA,NA,NA,NA,"100","19","1","2",NA,NA,NA,NA,NA,NA,NA,NA,NA,NA,NA,NA,"2"
"152","R_3EM4FHNKdfsKH2Z",NA,NA,NA,NA,NA,NA,NA,NA,NA,NA,NA,NA,NA,NA,NA,NA,NA,NA,NA,NA,NA,NA,NA,NA,NA,NA,NA,NA,"20","10","2","1",NA,NA,NA,NA,NA,NA,NA,NA,NA,NA,NA,NA,"2"
"153","R_3shRzC8ReXVB9o9",NA,NA,NA,NA,"40","5","2","1",NA,NA,NA,NA,NA,NA,NA,NA,"38","9","1","3",NA,NA,NA,NA,"18","1","2","1",NA,NA,NA,NA,"38","5","2","1","29","1","2","1",NA,NA,NA,NA,"2"
"154","R_1mOEtuIIhB5spd8",NA,NA,NA,NA,NA,NA,NA,NA,NA,NA,NA,NA,NA,NA,NA,NA,NA,NA,NA,NA,NA,NA,NA,NA,NA,NA,NA,NA,NA,NA,NA,NA,NA,NA,NA,NA,NA,NA,NA,NA,NA,NA,NA,NA,"2"
"155","R_247TMLe2B4nQXQ1",NA,NA,NA,NA,NA,NA,NA,NA,NA,NA,NA,NA,NA,NA,NA,NA,NA,NA,NA,NA,NA,NA,NA,NA,NA,NA,NA,NA,NA,NA,NA,NA,NA,NA,NA,NA,NA,NA,NA,NA,NA,NA,NA,NA,"2"
"156","R_41qEb7XENbJOwUh",NA,NA,NA,NA,NA,NA,NA,NA,NA,NA,NA,NA,NA,NA,NA,NA,NA,NA,NA,NA,NA,NA,NA,NA,NA,NA,NA,NA,NA,NA,NA,NA,NA,NA,NA,NA,NA,NA,NA,NA,NA,NA,NA,NA,"2"
"157","R_3hsBet7VnEvJyRx",NA,NA,NA,NA,NA,NA,NA,NA,NA,NA,NA,NA,NA,NA,NA,NA,NA,NA,NA,NA,NA,NA,NA,NA,NA,NA,NA,NA,NA,NA,NA,NA,NA,NA,NA,NA,NA,NA,NA,NA,NA,NA,NA,NA,"2"
"158","R_AzzYns4sntGXMrf",NA,NA,NA,NA,NA,NA,NA,NA,NA,NA,NA,NA,"100","90","1","3",NA,NA,NA,NA,NA,NA,NA,NA,NA,NA,NA,NA,NA,NA,NA,NA,"80","60","2","1","20","50","2","1",NA,NA,NA,NA,"2"
"159","R_1DBc54HvVlxphGR",NA,NA,NA,NA,NA,NA,NA,NA,"40","30","2","2","50","30","2","2",NA,NA,NA,NA,NA,NA,NA,NA,"9","2","2","1",NA,NA,NA,NA,NA,NA,NA,NA,"51","20","2","1",NA,NA,NA,NA,"2"
"160","R_Ry8GQfrdaNbpO2R",NA,NA,NA,NA,NA,NA,NA,NA,NA,NA,NA,NA,NA,NA,NA,NA,NA,NA,NA,NA,NA,NA,NA,NA,NA,NA,NA,NA,NA,NA,NA,NA,NA,NA,NA,NA,NA,NA,NA,NA,NA,NA,NA,NA,"2"
"161","R_3MizwQPq29isWy7",NA,NA,NA,NA,NA,NA,NA,NA,NA,NA,NA,NA,NA,NA,NA,NA,NA,NA,NA,NA,NA,NA,NA,NA,NA,NA,NA,NA,NA,NA,NA,NA,"9","4","2","1",NA,NA,NA,NA,NA,NA,NA,NA,"2"
"162","R_PIgLuaILlBI1uNj",NA,NA,NA,NA,NA,NA,NA,NA,NA,NA,NA,NA,NA,NA,NA,NA,NA,NA,NA,NA,NA,NA,NA,NA,NA,NA,NA,NA,"0","0","1","3",NA,NA,NA,NA,NA,NA,NA,NA,NA,NA,NA,NA,"2"
"163","R_ePBQxk75qOXwpCZ",NA,NA,NA,NA,NA,NA,NA,NA,NA,NA,NA,NA,NA,NA,NA,NA,NA,NA,NA,NA,NA,NA,NA,NA,NA,NA,NA,NA,NA,NA,NA,NA,NA,NA,NA,NA,NA,NA,NA,NA,NA,NA,NA,NA,"2"
"164","R_2duxWmvCpd59IpP",NA,NA,NA,NA,NA,NA,NA,NA,NA,NA,NA,NA,NA,NA,NA,NA,NA,NA,NA,NA,NA,NA,NA,NA,NA,NA,NA,NA,NA,NA,NA,NA,NA,NA,NA,NA,NA,NA,NA,NA,NA,NA,NA,NA,"2"
"165","R_3e1OiAsY2G877fX",NA,NA,NA,NA,NA,NA,NA,NA,NA,NA,NA,NA,NA,NA,NA,NA,NA,NA,NA,NA,NA,NA,NA,NA,NA,NA,NA,NA,NA,NA,NA,NA,NA,NA,NA,NA,NA,NA,NA,NA,NA,NA,NA,NA,"2"
"166","R_sp0Ph9J2ZTyETO9","59","40","1","2","30","9","2","1","60","40","1","2","49","30","2","2","19","9","2","1","59","30","1","1","19","10","2","1","60","49","1","2","60","49","1","2","49","29","2","1",NA,NA,NA,NA,"2"
"167","R_VKgP8aAxBcdoOK5","71","9","2","2",NA,NA,NA,NA,NA,NA,NA,NA,"81","9","2","1","50","40","2","1","90","9","2","1","60","19",NA,NA,NA,NA,NA,NA,NA,NA,NA,NA,NA,NA,NA,NA,NA,NA,NA,NA,"2"
"168","R_3O1xCT8sJvCnNOc",NA,NA,NA,NA,NA,NA,NA,NA,NA,NA,NA,NA,NA,NA,NA,NA,NA,NA,NA,NA,NA,NA,NA,NA,NA,NA,NA,NA,NA,NA,NA,NA,NA,NA,NA,NA,NA,NA,NA,NA,NA,NA,NA,NA,"2"
"169","R_28XIGQsrLANJElD",NA,NA,NA,NA,NA,NA,NA,NA,NA,NA,NA,NA,NA,NA,NA,NA,NA,NA,NA,NA,NA,NA,NA,NA,NA,NA,NA,NA,NA,NA,NA,NA,NA,NA,NA,NA,NA,NA,NA,NA,NA,NA,NA,NA,"2"
"170","R_3oTOx0qtQQxyvhw",NA,NA,NA,NA,NA,NA,NA,NA,NA,NA,NA,NA,NA,NA,NA,NA,NA,NA,NA,NA,NA,NA,NA,NA,NA,NA,NA,NA,NA,NA,NA,NA,NA,NA,NA,NA,NA,NA,NA,NA,NA,NA,NA,NA,"2"
"171","R_6mOm3nfHIgwj3OR",NA,NA,NA,NA,NA,NA,NA,NA,"91","87","1","2",NA,NA,NA,NA,NA,NA,NA,NA,NA,NA,NA,NA,NA,NA,NA,NA,NA,NA,NA,NA,"51","71","2","1",NA,NA,NA,NA,NA,NA,NA,NA,"2"
"172","R_3MbPsy0Wq0TnLvz",NA,NA,NA,NA,NA,NA,NA,NA,NA,NA,NA,NA,NA,NA,"2","3",NA,NA,"2","3",NA,NA,NA,NA,NA,NA,NA,NA,NA,NA,NA,NA,NA,NA,NA,NA,NA,NA,"2","1",NA,NA,NA,NA,"2"
"173","R_2YonHJTTvolgy3C",NA,NA,NA,NA,NA,NA,NA,NA,NA,NA,NA,NA,NA,NA,NA,NA,NA,NA,NA,NA,NA,NA,NA,NA,NA,NA,NA,NA,NA,NA,NA,NA,NA,NA,NA,NA,NA,NA,NA,NA,NA,NA,NA,NA,"2"
"174","R_2xDXioDE9B31qae",NA,NA,NA,NA,NA,NA,NA,NA,"80","29","2","2","50","1","2","2","59","8","2","1","49","4","2","1","29","1","2","1",NA,NA,NA,NA,NA,NA,NA,NA,"69","2","2","1",NA,NA,NA,NA,"2"
"175","R_2ah6VN3YqHphxol","35","7","2","1","40","22","2","2","80","51","1","2","80","62","1","2","40","36","2","1","79","66","2","1","6",NA,"2","1","49","5","2","1","70","49","1","1","16","6","2","1",NA,NA,NA,NA,"2"
"176","R_e2MTlhCS1tuf3db",NA,NA,NA,NA,NA,NA,NA,NA,NA,NA,NA,NA,NA,NA,NA,NA,NA,NA,NA,NA,NA,NA,NA,NA,NA,NA,NA,NA,NA,NA,NA,NA,NA,NA,NA,NA,NA,NA,NA,NA,NA,NA,NA,NA,"2"
"177","R_0HrPVBae5atCPfP",NA,NA,NA,NA,NA,NA,NA,NA,NA,NA,NA,NA,NA,NA,NA,NA,NA,NA,NA,NA,NA,NA,NA,NA,NA,NA,NA,NA,NA,NA,NA,NA,NA,NA,NA,NA,NA,NA,NA,NA,NA,NA,NA,NA,"2"
"178","R_5p4WUJo1353GA4Z",NA,NA,NA,NA,NA,NA,NA,NA,NA,NA,NA,NA,NA,NA,NA,NA,NA,NA,NA,NA,NA,NA,NA,NA,NA,NA,NA,NA,NA,NA,NA,NA,NA,NA,NA,NA,NA,NA,NA,NA,NA,NA,NA,NA,"2"
"179","R_1EjtJ57Ibg0tS1v",NA,NA,NA,NA,NA,NA,NA,NA,NA,NA,NA,NA,NA,NA,NA,NA,NA,NA,NA,NA,NA,NA,NA,NA,NA,NA,NA,NA,NA,NA,NA,NA,NA,NA,NA,NA,NA,NA,NA,NA,NA,NA,NA,NA,"2"
"180","R_aUYoNE15xhjrqwB","60","50","1","2","20","90","2","3","90","100","1","3","60","90","1","3","5","20","2","2","50","50","2","1","30","5","2","1","19","9","2","2","25","5","2","1","20","20","2","1",NA,NA,NA,NA,"2"
"181","R_4OrO66OeArL0N81",NA,NA,NA,NA,NA,NA,NA,NA,NA,NA,NA,NA,NA,NA,NA,NA,NA,NA,NA,NA,NA,NA,NA,NA,NA,NA,NA,NA,NA,NA,NA,NA,NA,NA,NA,NA,NA,NA,NA,NA,NA,NA,NA,NA,"2"
"182","R_3m9tS3r8hQmnN7T","76","76","1","2","24","13","2","1","39","28","2","2","13","12","2","2","27","49","2","2","31","63","1","3","13","0","2","1","66","4","1","2","71","73","1","2","21","10","2","1","2","2","2","1","2"
"183","R_26hCrxss4d1mbDz",NA,NA,NA,NA,NA,NA,NA,NA,NA,NA,NA,NA,NA,NA,NA,NA,NA,NA,NA,NA,NA,NA,NA,NA,NA,NA,NA,NA,NA,NA,NA,NA,NA,NA,NA,NA,NA,NA,NA,NA,NA,NA,NA,NA,"2"
"184","R_ebopaggk1nxmSYB",NA,NA,NA,NA,NA,NA,NA,NA,NA,NA,NA,NA,NA,NA,NA,NA,NA,NA,NA,NA,NA,NA,NA,NA,NA,NA,NA,NA,NA,NA,NA,NA,NA,NA,NA,NA,NA,NA,NA,NA,NA,NA,NA,NA,"2"
"185","R_2ffU1ROUYKKzA6G",NA,NA,NA,NA,"31","13","2","1",NA,NA,NA,NA,NA,NA,NA,NA,NA,NA,NA,NA,NA,NA,NA,NA,NA,NA,NA,NA,NA,NA,NA,NA,NA,NA,NA,NA,NA,NA,NA,NA,NA,NA,NA,NA,"2"
"186","R_3J3pSgmfNQ27H07","100","70","2","2",NA,NA,NA,NA,"80","40","2","1","100","100","1","3","80","70","2","3","50","30","2","2","9","0","2","1","100","80","1","2","70","10","2","3","20","0","2","1",NA,NA,NA,NA,"2"
"187","R_1gjuCZks4BRmEfd",NA,NA,NA,NA,NA,NA,NA,NA,NA,NA,NA,NA,NA,NA,NA,NA,NA,NA,NA,NA,NA,NA,NA,NA,NA,NA,NA,NA,NA,NA,NA,NA,NA,NA,NA,NA,NA,NA,NA,NA,NA,NA,NA,NA,"2"
"188","R_3fvmBvGsPRtcP5o",NA,NA,NA,NA,NA,NA,NA,NA,NA,NA,NA,NA,NA,NA,NA,NA,NA,NA,NA,NA,NA,NA,NA,NA,NA,NA,NA,NA,NA,NA,NA,NA,NA,NA,NA,NA,NA,NA,NA,NA,NA,NA,NA,NA,"2"
"189","R_bPezsu7pIUVFmK1",NA,NA,NA,NA,NA,NA,NA,NA,NA,NA,NA,NA,NA,NA,NA,NA,NA,NA,NA,NA,NA,NA,NA,NA,NA,NA,NA,NA,NA,NA,NA,NA,NA,NA,NA,NA,NA,NA,NA,NA,NA,NA,NA,NA,"2"
"190","R_20upp7axEBBsoYd",NA,NA,NA,NA,"68","62","2","1",NA,NA,NA,NA,NA,NA,NA,NA,NA,NA,NA,NA,NA,NA,NA,NA,NA,NA,NA,NA,NA,NA,NA,NA,NA,NA,NA,NA,NA,NA,NA,NA,NA,NA,NA,NA,"2"
"191","R_2R4Xv0yDWZiZ2XY","61","49","1","3","49","41","2","1","49","50","2","2","70","71","1","3","9","9","2","2","50","40","1","2","29","0","2","1","50","20","2","2","70","59","1","2","50","20","2","1","2","2","1","1","2"
"192","R_3sbKeWrV70FCxpj","20","5","2","1","30","19","2","1","40","5","2","2","80","50","2","2","50","19","2","1","81","9","2","2","5","0","2","1","30","2","2","1","5","0","2","2","10","5","2","1","3","3","2","1","2"
"193","R_vwc243dytXhDYn7","79","51","2","2",NA,NA,"2","1",NA,NA,"2","1",NA,NA,"2","1","0",NA,"2","1",NA,NA,"2","1",NA,NA,"2","1",NA,NA,"2","1",NA,NA,"2","1",NA,NA,"2","1","3","3","3","1","2"
"194","R_30csiCkoviZ31Lc",NA,NA,NA,NA,NA,NA,NA,NA,NA,NA,NA,NA,NA,NA,NA,NA,NA,NA,NA,NA,NA,NA,NA,NA,NA,NA,NA,NA,NA,NA,NA,NA,NA,NA,NA,NA,NA,NA,NA,NA,NA,NA,NA,NA,"2"
"195","R_ZsCnpH77aMIyAZX","50","30","2","1","10","5","2","2","40","9","2","1","90","50","1","2","80","60","1","2","33","0","2","1","9","0","2","1","50","0","2","1","20","0","2","1","29","20","2","1","3","3","3","2","2"
"196","R_dom9tMKfJRGtRrf","100","100","1","3","53","57","2","2","87","96","1","3","100","100","1","3","61","100","2","3","73","12","1","2","54","1","2","1","77","88","1","2","75","3","2","1","1","1","2","1","2","2","3","1","2"
"197","R_2xXZStNm3p5QSER","70","50","2","2","19","39","2","2","40","31","2","2","19","9","2","2","9","29","2","1","60","51","2","2","0","0","2","1","2","9","2","1","20","29","2","1","1","0","2","1","2","2","2","2","2"
"198","R_3nNTAYwOqz0LGbY","91","21","2","1","20","1","2","1","7","2","2","2","7","2","2","1","9","1","2","1","50","1","1","2","28","1","2","1","26","4","2","1","3","1","2","1","11","1","2","1","3","3","2","1","2"
"199","R_b95UcvuFoVO0UZr","80","14","2","2","49","14","2","2","58","10","2","1","9","4","2","2","70","12","2","2","32","16","2","1","5","2","2","1","30","4","2","2","9","4","2","1","14","6","2","1","3","1","1","1","2"
"200","R_3oRzk7nUryeBT6G","90","60","1","2","70","60","2","1","100","100","1","3","80","81","1","2","91","70","1","2","100","81","1","2","10","12","2","1","51","52","2","1","91","91","1","2","29","29","2","1","1","1","1","1","2"
"201","R_b4nHszEvuOFkgOV","38","29","2","1","19","9","2","1","30","10","2","1","20","9","2","1","9","9","2","1","30","10","2","1","9","3","2","1","31","31","2","1",NA,NA,NA,NA,"8","8","2","1","2","2","2","1","2"
"202","R_1N54Cq54JNjQ5lH","72","60","1","2","59","52","1","2","70","63","1","2","62","58","2","1","53","44","2","1","84","41","1","1","29","0","2","1","40","7","2","1","51","46","2","1","42","20","2","1","3","3","3","2","2"
"203","R_1kOApEsUkfXwBSx","60","9","2","2","69","50","2","2","100","0","1","2","70","70","1","3","49","9","2","2","30","30","2","2","0","0","2","1","91","49","1","2","0","0","2","1","8","0","2","1","1","1","1","1","2"
"204","R_28ZY3DI0RgVwiUr","20","0","2","1","5","0","2","1","70","19","1","3","70","40","2","3","30","20","2","2","60","0","2","1","3","0","2","1","90","50","1","2","10","0","2","1","19","19","2","1","1","2","1","1","2"
"205","R_3WsaR5jaEBnzKfL","80","50","1","2","20","9","2","1","80","61","2","2","60","30","2","3","30","9","2","2","81","50","1","2","10","2","2","1","70","30","1","2","70","30","2","2","6","2","2","1","3","3","3","2","2"
"206","R_1mKupLBUrGLQIEn","92","50","1","3","19","10","2","2","0","0","2","2","80","80","1","3","39","9","2","3","90","30","1","3","10","0","2","1","71","20","1","2","39","9","2","1","8","0","2","1","1","2","1","1","2"
"207","R_eJ2P6DhekHEYwPD","100","1","1","2","30","1","2","1","9","1","2","3","95","1","1","2","90","1","1","3","91","1","1","3","1","0","2","1","30","1","2","1","71","1","2","2","9","0","2","1","1","3","1","1","2"
"208","R_1pnXBYcxZOzgaVN","94","23","2","1","54","22","2","1","91","26","1","2","64","4","2","1","86","58","2","2","77","14","2","1","30","0","2","1","81","27","2","1","50","20","2","1","54","0","2","1","2","3","4","2","2"
"209","R_9KO70ho00Ttv6pz","70","20","1","2","30","4","2","1","81","39","1","2","91","98","1","3","60","20","1","2","90","70","1","2","20","0","2","1","50","10","2","1","70","2","2","1","60","50","2","1","3","3","3","3","2"
"210","R_2xzbpE57ZJQs7RM","50","10","2","2","19","19","2","1","22","6","2","1","50","9","1","2","19","7","2","1","81","1","2","1","20","6","2","1","61","5","2","2","21","2","2","1","29","8","2","1","3","3","3","3","2"
"211","R_5BdMckFiBIAtub7","89","48","1","2","73","43","2","1","63","19","1","2","75","54","1","2","30","11","2","1","61","40","2","2","37","0","2","1","87","35","1","2","52","30","2","1","51","34","2","1","3","3","3","1","2"
"212","R_1MXo5DiYn439QzM","91","20","1","2","9","8","2","1","10","3","2","1","39","82","2","2","8","9","2","2","21","9","1","2","7","0","2","1","90","8","2","2","80","90","1","3","38","12","2","2","3","3","2","1","2"
"213","R_D8csUV1mE2fIgvL","80","20","2","2","39","1","2","1","70","0","2","2","60","29","2","2","19","0","2","1","20","0","2","1","20","1","2","1","31","20","1","2","41","0","2","1","30","0","2","1","2","1","1","1","2"
"214","R_24CTYEBGQhHDwGy","71","9","2","1","9","1","2","1","20","9","2","1","50","60","1","2","12","18","2","2","0","0","2","1","0","0","2","1","40","29","1","2","50","9","1","2","0","0","2","1","2","1","2","1","2"
"215","R_87GHGTZzkqVhWFD","90","50","2","2","30","29","2","2","71","51","2","2","81","49","1","3","18","8","2","2","80","51","1","2","7","0","2","1","80","50","2","2","50","9","2","1","0","0","2","1","2","2","2","1","2"
"216","R_2anLmKn3GEttElJ","40","10","2","1","40","30","1","2","18","4","2","1","60","7","2","1","4","0","2","1","70","20","2","2","7","0","2","1","3","0","2","1","50","0","2","1","17","0","2","1","3","2","1","1","2"
"217","R_3PWZZ29zD9PI6XC",NA,NA,NA,NA,NA,NA,NA,NA,NA,NA,NA,NA,NA,NA,NA,NA,NA,NA,NA,NA,NA,NA,NA,NA,NA,NA,NA,NA,NA,NA,NA,NA,NA,NA,NA,NA,NA,NA,NA,NA,NA,NA,NA,NA,"2"
"218","R_28Apkvgjj6ek3km","91","9","1","1","70","30","1","1","90","30","1","1","71",NA,"1","2","71","9","1","1","81","40","1","2","40","0","2","1","80","31","2","1","70","2","2","1","19","50","2","1","4","4","3","1","2"
"219","R_6JWjTN3SLlwYwHr","22","5","2","1","3","1","2","1","41","3","1","2","23","3","2","1","19","3","2","2","19","2","2","1","3","1","2","1","6","3","2","1","31","9","2","1","20","4","2","1","3","2","2","2","2"
"220","R_5h8WfDQ3wD6JrKt","50","29","2","1","11","6","2","2","21","1","2","1","42","18","2","1","26","5","2","2","50","29","2","1","5","0","2","1","70","27","2","1","11","3","2","2","83","74","2","1","2","2","3","1","2"
"221","R_1q9b7jz6yRs3dKJ","90","70","2","1","20","10","2","2","90","80","1","1","90","80","2","2","30","20","2","2","50","25","2","1","30","5","1","1","90","10","1","1","10","5","2","1","20","15","1","1","3","3","2","2","2"
"222","R_1JXWSwVJXKLHgKS","70","25","2","1","22","14","2","1","44","24","2","2","30","20","2","2","10","6","2","1","15","6","2","2","10","5","2","1","56","31","2","2","55","40","2","1","10","4","2","1","3","4","2","1","2"
"223","R_1pQmg8D3OQ9gWtQ",NA,NA,"1","2",NA,NA,"2","1",NA,NA,"2","2",NA,NA,"2","3",NA,NA,"2","1",NA,NA,"2","1",NA,NA,"2","1",NA,NA,"1","2",NA,NA,"2","2",NA,NA,"2","1","2","1","1","1","2"
"224","R_1i2Qc7McfHErzsR","60","10","2","1","19","10","2","1","40","10","2","1","60","20","2","2","41","21","2","2","40","8","2","2","9","0","2","1","31","9","2","1","0","3","2","1","30","9","2","1","1","1","1","1","2"
"225","R_8rg2BGOzkmTYO8V","99","93","1","2","92","78","2","1","96","83","1","2","70","70","1","3","79","73","2","1","78","73","2","1","1","0","2","1","93","31","1","1","96","6","1","2","89","84","2","1","4","2","4","1","2"
"226","R_2VqC7jGPhK6z1Gx","85","4","1","1","70","20","2","1","60","20","1","2","80","50","1","2","85","1","1","2","80","10","1","2","50","0","2","1","70","30","1","2","90","2","2","1","20","10","2","1","3","3","3","2","2"
"227","R_1CycAxPhsSTqqkH","47",NA,"2","2","0","0","2","1","49","44","1","3","64","66","2","2","12","11","2","2","26",NA,"2","1","0","0","2","1","0","0","2","1","91","91","1","3","0","0","2","1","1","1","1","1","2"
"228","R_25f7kWLwmXSUZLL","82","29","1","3","71","39","2","2","80","80","1","3","81","60","1","3","30","9","2","1","61","19","2","2","10","0","2","1","70","38","1","3","81","80","1","3","9","5","2","1",NA,NA,NA,NA,"2"
"229","R_20oRHinK4ZjJ1JP","100","50","1","3","29","0","2","1","100","100","1","2","100","100","1","3","50","51","2","2","20","0","2","1","0","0","2","1","29","30","2","2","0","0","2","1","0","0","2","1","1","1","1","1","2"
"230","R_3r0PVjl2HfAdtUM","80","19","2","1","70","8","2","1","70","18","2","1","49","39","1","3","60","10","2","2","39","9","2","1","39","1","2","1","70","7","2","2","40","1","2","1","29","30","2","1","2","3","2","1","2"
"231","R_1dLWLzciVC6KQSZ","95","95","1","1","20","10","2","1","29","21","2","2","40","19","2","1","20","20","2","2","40","20","2","2","5","0","2","1","20","14","1","2","60","19","2","1","29","15","2","1","3","3","2","2","2"
"232","R_12AAxUP5gTQZnsX","59","50","1","1","10","9","2","1","59","60","1","2","40","30","2","3","3","0","2","1","39","30","2","1","9","0","2","1","40","40","2","3","19","20","2","1","15","0","2","1","2","2","2","1","2"
"233","R_5zg5yt3TtP2A9Eh","50","9","2","1","19","18","2","1","10","8","2","1","9","72","2","2","61","21","2","2","91","70","1","3","19","0","2","1","51","10","2","1","91","50","1","3","10","90","1","1","3","3","3","3","2"
"234","R_b2YSm7b55JQN4dT","80","49","2","2","50","1","2","1","91","50","1","2","60","50","1","2","40","50","2","2","80","19","2","1","50","0","2","1","70","9","2","1","50","50","2","1","40","81","2","1","3","1","2","2","2"
"235","R_yURp70EmquXu96F","49","19","1","2","9","4","2","1","61","40","1","2","30","9","2","2","20","5","2","1","29","9","2","1","10","2","2","1","50","30","1","2","30","20","2","1","19","5","2","1","2","2","1","1","2"
"236","R_5BYkSCp8nHX6m4l","9","0","2","1","10","10","2","2","10","10","2","2","70","100","1","3","9","0","2","2","81","61","1","3","1","0","2","1","20","0","2","1","71","9","2","3","10","0","2","1","1","1","1","1","2"
"237","R_3xbpVFWIcd9FntX","80","5","2","1","30","4","2","1","81","50","1","3","20","10","2","2","50","10","2","2","80","20","1","2","30","0","2","1","70","5","2","1","80","60","1","3","50","5","2","1","4","4","4","1","2"
"238","R_4Nhr10iqLP6YGIl","91","80","1","2","81","40","1","2","80","20","1","1","99","91","1","2","90","70","2","1","91","55","2","1","29","2","2","1","87","72","1","3","45","14","2","1","19","9","2","1","3","2","2","2","2"
"239","R_2ByrA5zBwQnfD8K","70","60","2","1","80","59","2","2","100","100","1","3","80","50","2","2","70","49","2","1","100","100","1","1","5","0","2","1","100","100","1","3","10","0","2","1","50","0","2","1","2","1","1","1","2"
"240","R_bOCTBEsDt4WebzL","50","2","2","1","9","2","2","1","20","5","2","1","51","9","2","2","30","3","2","1","10","2","2","1","10","3","2","1","60","4","2","1","62","8","2","1","19","4","2","1","2","1","1","1","2"
"241","R_3oSLHiaLlaXJRKr","61","19","2","1","50","11","2","1","70","29","2","2","31","31","1","2","50","32","2","2","31","31","2","1","40","0","2","1","51","19","1","2","70","9","2","1","40","10","2","1","3","3","3","2","2"
"242","R_5dKBWR8ttpkXxYN",NA,NA,"2","1","10","5","2","2","100","30","1","2","19","0","2","2",NA,NA,"2","1",NA,NA,"2","2",NA,NA,"2","1",NA,NA,"2","1",NA,NA,"2","1",NA,NA,"2","1","1","1","1","1","2"
"243","R_etv3ikRjrF8YTf3","92","32","1","2","95","11","2","2","83","33","2","1","59","35","1","3","56","15","2","2","64","24","2","2","57","2","2","1",NA,NA,"1","3",NA,NA,"2","1","43","12","2","1","4","4","4","1","2"
"244","R_2RRrCnUXaaVcX4N","71","20","1","2","70","19","2","1","80","29","2","2","80","29","1","2","70","30","2","1","81","19","2","2","50","0","2","1","80","20","1","2","60","29","2","2","70","40","2","2","2","2","2","2","2"
"245","R_8hWoGyosY61o5vv","80","50","1","2","80","59","2","2","100","80","1","2","70","70","1","3","0","0","2","3","90","80","1","1","5","0","2","1","70","30","2","1","50","50","2","2","0","0","2","1","2","2","2","2","2"
"246","R_2aynOJrnM43aMHI","50","10","2","2","30","5","2","1","70","20","1","2","15","5","2","1","20","5","2","1","30","5","2","2","10","0","2","1","60","10","2","2","50","10","2","1","30","10","2","1","3","3","3","3","2"
"247","R_OiGImW9mwbD6yEF",NA,NA,NA,NA,NA,NA,NA,NA,NA,NA,NA,NA,NA,NA,NA,NA,NA,NA,NA,NA,NA,NA,NA,NA,NA,NA,NA,NA,NA,NA,NA,NA,NA,NA,NA,NA,"49","50","2","1",NA,NA,NA,NA,"2"
"248","R_0wh2JIDbtsaCUId","80","50","2","1","50","60","2","1","20","50","2","2","60","70","2","2","15","10","2","1","70","90","2","2","10","0","2","1","40","50","2","1","30","10","2","1","40","60","2","1","2","2","3","1","2"
"249","R_25EgdKdXfAPhQvO",NA,NA,"2","1",NA,NA,"1","2",NA,NA,"1","3",NA,NA,"1","2",NA,NA,"2","1",NA,NA,"2","1",NA,NA,"2","1",NA,NA,"2","1",NA,NA,"2","1",NA,NA,"2","1",NA,NA,NA,"1","2"
"250","R_egoIn2X4Uke7e7P","75","10","1","2","30","6","2","1","70","31","1","2","65","39","1","2","49","9","2","2","61","9","2","1","19","0","2","1","91","40","1","2","60","40","2","1","71","20","2","1","2","2","2","2","2"
"251","R_1Uq5TEauLWp8tB7","50","25","2","2","80","20","2","2","81","60","1","2","80","60","2","2","19","0","2","2","39","29","2","1","19","0","2","1","70","30","1","2","90","50","1","2","19","0","2","1","3","2","2","1","2"
"252","R_1EiWH69hEwBjcNG","5","3","2","1","10","2","2","1","30","20","2","2","9","3","2","2","9","4","2","1","24","10","2","1","5","1","2","1","10","1","2","1","92","90","1","2","5","1","2","1","2","2","3","1","2"
"253","R_3mlDcZsP2SU6rkw","30","10","1","2","15","2","2","1","15","2","2","1","5","15","1","2","9","2","2","1","15","5","2","1","25","2","2","1","30","5","2","1","30","10","1","2","1","1","2","1","3","4","3","2","2"
"254","R_3rWKrbsGeINxmg5",NA,NA,NA,NA,NA,NA,NA,NA,NA,NA,NA,NA,"91","92","1","3",NA,NA,NA,NA,NA,NA,NA,NA,NA,NA,NA,NA,NA,NA,NA,NA,NA,NA,NA,NA,NA,NA,NA,NA,NA,NA,NA,NA,"2"
"255","R_2xStJYCYf6QOULa",NA,NA,NA,NA,NA,NA,NA,NA,NA,NA,NA,NA,NA,NA,NA,NA,NA,NA,NA,NA,NA,NA,NA,NA,NA,NA,NA,NA,NA,NA,NA,NA,NA,NA,NA,NA,NA,NA,NA,NA,NA,NA,NA,NA,"2"
"256","R_cIUe1wzw5ijgBgx",NA,NA,NA,NA,NA,NA,NA,NA,NA,NA,NA,NA,NA,NA,NA,NA,NA,NA,NA,NA,NA,NA,NA,NA,NA,NA,NA,NA,NA,NA,NA,NA,NA,NA,NA,NA,NA,NA,NA,NA,NA,NA,NA,NA,"2"
"257","R_1TukUW9qWdTKOHP","81","20","2","1","21","5","2","1","60","30","2","2","62","39","1","2","21","15","2","1","71","20","1","2","10","5","2","1","50","9","2","1","19","9","1","2","20","10","2","1",NA,NA,NA,NA,"2"
"258","R_cw0P51iLbMkGiAl",NA,NA,NA,NA,NA,NA,NA,NA,NA,NA,NA,NA,NA,NA,NA,NA,NA,NA,NA,NA,NA,NA,NA,NA,NA,NA,NA,NA,NA,NA,NA,NA,NA,NA,NA,NA,NA,NA,NA,NA,NA,NA,NA,NA,"2"
"259","R_2cbYGsmOzmlcLCs","50","39","2","1","49","30","2","1","89","81","1","3","81","71","2","2","49","40","2","2","40","29","2","1","9","0","2","1","30","10","2","1","70","60","1","3","9","0","2","1",NA,NA,NA,NA,"2"
"260","R_1Do2vSkhn3Rl3iS",NA,NA,NA,NA,NA,NA,NA,NA,NA,NA,NA,NA,"91","8","1","3",NA,NA,NA,NA,NA,NA,NA,NA,"90","1","1","3","82","11","1","2",NA,NA,NA,NA,NA,NA,NA,NA,NA,NA,NA,NA,"2"
"261","R_3qpTuuijCmHUGYg","71","71","1","2","52","48","1","1","71","65","1","2","67","67","2","1","31","31","2","1","62","81","1","2","34","0","2","1","81","93","1","1","34","34","2","1","61","45","2","1",NA,NA,NA,NA,"2"
"262","R_bCb4e0fpIWCj3xP",NA,NA,NA,NA,NA,NA,NA,NA,NA,NA,NA,NA,NA,NA,NA,NA,NA,NA,NA,NA,NA,NA,NA,NA,NA,NA,NA,NA,NA,NA,NA,NA,NA,NA,NA,NA,NA,NA,NA,NA,NA,NA,NA,NA,"2"
"263","R_1IXJUOwoVuLanHT",NA,NA,NA,NA,NA,NA,NA,NA,NA,NA,NA,NA,NA,NA,NA,NA,NA,NA,NA,NA,NA,NA,NA,NA,NA,NA,NA,NA,NA,NA,NA,NA,NA,NA,NA,NA,NA,NA,NA,NA,NA,NA,NA,NA,"2"
"264","R_1GIdhZE32ZpPCIH","91","29","1","1","69","39","1","1","95","28","1","2","80","51","1","3","50","10","2","1","90","38","1","2","40","0","2","1","81","18","2","1","60","20","2","1","40","0","2","1",NA,NA,NA,NA,"2"
"265","R_0SZSeHk8cNWwoyF",NA,NA,NA,NA,NA,NA,NA,NA,NA,NA,NA,NA,NA,NA,NA,NA,NA,NA,NA,NA,NA,NA,NA,NA,NA,NA,NA,NA,NA,NA,NA,NA,NA,NA,NA,NA,NA,NA,NA,NA,NA,NA,NA,NA,"2"
"266","R_6xJWMeAc5qer7h3",NA,NA,NA,NA,NA,NA,NA,NA,NA,NA,NA,NA,NA,NA,NA,NA,NA,NA,NA,NA,NA,NA,NA,NA,NA,NA,NA,NA,NA,NA,NA,NA,NA,NA,NA,NA,NA,NA,NA,NA,NA,NA,NA,NA,"2"
"267","R_8CkN7rIcNGLy5yl",NA,NA,NA,NA,NA,NA,NA,NA,NA,NA,NA,NA,NA,NA,NA,NA,NA,NA,NA,NA,NA,NA,NA,NA,NA,NA,NA,NA,NA,NA,NA,NA,NA,NA,NA,NA,NA,NA,NA,NA,NA,NA,NA,NA,"2"
"268","R_2qrCtEdVDTFZC55",NA,NA,NA,NA,NA,NA,NA,NA,NA,NA,NA,NA,NA,NA,NA,NA,NA,NA,NA,NA,NA,NA,NA,NA,NA,NA,NA,NA,NA,NA,NA,NA,"2","2","2","1",NA,NA,NA,NA,NA,NA,NA,NA,"2"
"269","R_3qLzgxaPrQjqesB",NA,NA,NA,NA,NA,NA,NA,NA,NA,NA,NA,NA,NA,NA,NA,NA,NA,NA,NA,NA,NA,NA,NA,NA,NA,NA,NA,NA,NA,NA,NA,NA,NA,NA,NA,NA,NA,NA,NA,NA,NA,NA,NA,NA,"2"
"270","R_1I5DjUI14wgcX3u",NA,NA,NA,NA,NA,NA,NA,NA,"29","10","2","1",NA,NA,NA,NA,"0","0","2","1",NA,NA,NA,NA,NA,NA,NA,NA,NA,NA,NA,NA,NA,NA,NA,NA,NA,NA,NA,NA,NA,NA,NA,NA,"2"
"271","R_bxWWNRQ4rHUMhM1",NA,NA,NA,NA,NA,NA,NA,NA,NA,NA,NA,NA,NA,NA,NA,NA,NA,NA,NA,NA,NA,NA,NA,NA,NA,NA,NA,NA,NA,NA,NA,NA,NA,NA,NA,NA,NA,NA,NA,NA,NA,NA,NA,NA,"2"
"272","R_9H7og3xqL5DzPBb",NA,NA,NA,NA,NA,NA,NA,NA,NA,NA,NA,NA,NA,NA,NA,NA,NA,NA,NA,NA,NA,NA,NA,NA,NA,NA,NA,NA,NA,NA,NA,NA,NA,NA,NA,NA,NA,NA,NA,NA,NA,NA,NA,NA,"2"
"273","R_pF3FfadgFyPy6NH",NA,NA,NA,NA,NA,NA,NA,NA,NA,NA,NA,NA,NA,NA,NA,NA,NA,NA,NA,NA,NA,NA,NA,NA,NA,NA,NA,NA,NA,NA,NA,NA,NA,NA,NA,NA,NA,NA,NA,NA,NA,NA,NA,NA,"2"
"274","R_3GeuOQE6UQrsq1M",NA,NA,NA,NA,NA,NA,NA,NA,NA,NA,NA,NA,NA,NA,NA,NA,NA,NA,NA,NA,NA,NA,NA,NA,NA,NA,NA,NA,NA,NA,NA,NA,NA,NA,NA,NA,NA,NA,NA,NA,NA,NA,NA,NA,"2"
"275","R_7VueQXBmdWytefP","23","21","2","2","8","9","2","1",NA,NA,NA,NA,NA,NA,NA,NA,NA,NA,NA,NA,NA,NA,NA,NA,NA,NA,NA,NA,NA,NA,NA,NA,NA,NA,NA,NA,NA,NA,NA,NA,NA,NA,NA,NA,"2"
"276","R_1IgWqwN10fsYzk8",NA,NA,NA,NA,NA,NA,NA,NA,NA,NA,NA,NA,"29","20","2","2","10","4","2","1",NA,NA,NA,NA,NA,NA,NA,NA,NA,NA,NA,NA,NA,NA,NA,NA,NA,NA,NA,NA,NA,NA,NA,NA,"2"
"277","R_3QGGqymcoQK0DHi",NA,NA,NA,NA,NA,NA,NA,NA,NA,NA,NA,NA,NA,NA,NA,NA,NA,NA,NA,NA,NA,NA,NA,NA,NA,NA,NA,NA,NA,NA,NA,NA,NA,NA,NA,NA,NA,NA,NA,NA,NA,NA,NA,NA,"2"
"278","R_aVjh4dCsonRzcEd","70","71","1","3","21","33","2","1","59","59","1","2","50","50","1","2","5","7","2","1","62","59","2","1","10","8","2","1","21","9","2","2","50","51","2","1","50","51","2","1","3","3","2","1","2"
"279","R_2QLZAsPsVFgQ82X","50","10","2","2","41","0","2","2","50","20","1","3","80","0","2","3","19","0","2","2","20","20","2","1","10","0","2","1","20","9","2","1","20","0","2","1","9","0","2","1","2","2","2","1","2"
"280","R_3dWZBYuMaYqGs6Y",NA,NA,NA,NA,NA,NA,NA,NA,NA,NA,NA,NA,NA,NA,NA,NA,NA,NA,NA,NA,NA,NA,NA,NA,NA,NA,NA,NA,NA,NA,NA,NA,NA,NA,NA,NA,NA,NA,NA,NA,NA,NA,NA,NA,"2"
"281","R_2aBb2wLuGWmDBGt","70","20","2","2",NA,NA,NA,NA,NA,NA,NA,NA,NA,NA,NA,NA,NA,NA,NA,NA,"40","5","2","2",NA,NA,NA,NA,NA,NA,NA,NA,"50","15","2","1","30","5","2","1",NA,NA,NA,NA,"2"
"282","R_3IbUk9CtpfTIGMd",NA,NA,NA,NA,NA,NA,NA,NA,NA,NA,NA,NA,NA,NA,NA,NA,NA,NA,NA,NA,NA,NA,NA,NA,NA,NA,NA,NA,NA,NA,NA,NA,NA,NA,NA,NA,NA,NA,NA,NA,NA,NA,NA,NA,"2"
"283","R_4IrPLGEBpLfhbfL",NA,NA,NA,NA,NA,NA,NA,NA,NA,NA,NA,NA,NA,NA,NA,NA,NA,NA,NA,NA,NA,NA,NA,NA,NA,NA,NA,NA,NA,NA,NA,NA,NA,NA,NA,NA,NA,NA,NA,NA,NA,NA,NA,NA,"2"
"284","R_0JKNSz6cxhNTPoN",NA,NA,NA,NA,NA,NA,NA,NA,NA,NA,NA,NA,NA,NA,NA,NA,NA,NA,NA,NA,"0","0","2","1",NA,NA,NA,NA,NA,NA,NA,NA,NA,NA,NA,NA,NA,NA,NA,NA,NA,NA,NA,NA,"2"
"285","R_33rIiGxkvnwdpo6","80","20","2","1","19","9","2","1","80","50","2","3","80","50","2","2","29","4","2","1","50","10","2","1","5","0","2","1","50","10","2","2","60","10","2","2","40","5","2","1","3","2","2","1","2"
"286","R_9FCbrkQZF6lhIfH",NA,NA,NA,NA,NA,NA,NA,NA,NA,NA,NA,NA,NA,NA,NA,NA,NA,NA,NA,NA,NA,NA,NA,NA,NA,NA,NA,NA,NA,NA,NA,NA,NA,NA,NA,NA,NA,NA,NA,NA,NA,NA,NA,NA,"2"
"287","R_2pSQbkC5vwQYwQv","90","50","1","2","29","29","2","1","50","50","2","2","50","50","2","2","50","40","2","3","70","39","1","2","10","10","2","1","50","39","1","2","29","10","2","2","20","20","2","1","2","2","2","1","2"
